{
  "luck": {
    "mean": 0.3012517687708037,
    "std": 0.8467188904393393
  },
  "recent_form": {
    "mean": -0.016156569642732946,
    "std": 0.12992347808665128
  },
  "season_trajectory": {
    "mean": -0.12124759758579925,
    "std": 0.33479146995299564
  },
  "neutral_win_pct": {
    "mean": 0.6913979784207781,
    "std": 0.22704489478740514
  },
  "coach_tourney_wins": {
    "mean": 11.955991516436903,
    "std": 18.28978853385655
  },
  "efg_o": {
    "mean": 52.393584305408275,
    "std": 2.7241363822739033
  },
  "efg_d": {
    "mean": 47.224019088016966,
    "std": 2.3230527266913765
  },
  "tov_o": {
    "mean": 17.26548250265111,
    "std": 1.985715955833906
  },
  "tov_d": {
    "mean": 19.06717921527041,
    "std": 2.6055478856299055
  },
  "orb": {
    "mean": 32.32089077412513,
    "std": 4.185396926088634
  },
  "drb": {
    "mean": 71.46383881230116,
    "std": 2.8719879903954273
  },
  "ftr_o": {
    "mean": 35.66208907741251,
    "std": 5.312715309740659
  },
  "ftr_d": {
    "mean": 31.94931071049841,
    "std": 5.633645332893217
  }
}