{
  "shock_df": 2.1210384765851678,
  "shock_scale": 1.1712536293987668,
  "recent_form_weight": 0.7384316963776524,
  "trajectory_weight": 0.0,
  "luck_weight": 1.5436574478186866,
  "conf_tourney_weight": 0.05,
  "seed_prior_weight": 0.0,
  "neutral_win_pct_weight": 0.0,
  "coach_exp_weight": 0.0,
  "w_efg": 0.18188607955839345,
  "w_to": -0.008671260759777595,
  "w_orb": -0.47773067991003126,
  "w_ftr": 0.1700776763387267,
  "fatigue_per_close_game": 0.03,
  "fatigue_decay_between_rounds": 0.5,
  "fatigue_cap": 1.25,
  "league_avg_adj_o": 110.0,
  "league_avg_adj_t": 68.0,
  "margin_scale": 1.3043978410499768,
  "temperature": 1.5649209814716125
}