{
  "luck": {
    "mean": -0.14424351872816435,
    "std": 0.1502261415867994
  },
  "recent_form": {
    "mean": -0.06714257475355082,
    "std": 0.15233606152055304
  },
  "season_trajectory": {
    "mean": 0.0,
    "std": 1.0
  },
  "neutral_win_pct": {
    "mean": 0.5,
    "std": 1.0
  },
  "coach_tourney_wins": {
    "mean": 0.0,
    "std": 1.0
  },
  "efg_o": {
    "mean": 49.39147244593854,
    "std": 3.7463598278012014
  },
  "efg_d": {
    "mean": 42.15592950110239,
    "std": 2.9991781653345955
  },
  "tov_o": {
    "mean": 20.170765195954658,
    "std": 2.6247153426083427
  },
  "tov_d": {
    "mean": 23.308661381503182,
    "std": 3.9211756540644265
  },
  "orb": {
    "mean": 35.578370240803736,
    "std": 5.292867574974641
  },
  "drb": {
    "mean": 71.02377532184535,
    "std": 4.157603503709278
  },
  "ftr_o": {
    "mean": 30.803129657664776,
    "std": 4.981271752903521
  },
  "ftr_d": {
    "mean": 27.3888932712859,
    "std": 5.493748108279219
  }
}